,day,weekday_arr,weekday_dep,weekday_taxi,weekday_percent_late,weekday_reduced_delay
0,0,13.188405596916999,14.60711275681501,26.668094514301504,46.23119742530768,62.34098097987486
1,1,11.648920820941669,13.015167132970108,26.522668355623637,44.109419628397276,62.453991343011104
2,2,11.190955931032498,12.245641564573946,26.843742349840877,44.69358970668662,61.09495984571544
3,3,13.195202464788732,14.248197578425977,26.991936704506365,47.2381161971831,61.00077024647887
4,4,12.667378858848988,14.038417800430214,26.669699502596636,47.33201851699674,61.83197742898622
5,5,9.493342839319133,11.661300673868864,25.448337969897995,41.686124231351926,65.32572854469298
6,6,12.10716507212464,13.6444697934876,26.45003704252482,45.201563934717576,63.53780989899588
